symbol,mcap_cr
RELIANCE,1732156.4
BHARTIARTL,1218222.7
HDFCBANK,1139047.3
ICICIBANK,1027356.7
SBIN,973830.1
TCS,873044.5
BAJFINANCE,712232.4
LT,558188.9
HINDUNILVR,487140.8
INFY,469611.8
SUNPHARMA,465471.0
MARUTI,446137.2
TITAN,435752.1
ADANIENT,432342.0
M&M,414911.4
ADANIPOWER,406077.8
KOTAKBANK,397858.6
ADANIPORTS,390682.3
AXISBANK,387862.7
HCLTECH,365819.6
ITC,359031.9
ULTRACEMCO,358592.8
NTPC,339286.3
BAJAJFINSV,334771.2
JSWSTEEL,324650.1
BAJAJ-AUTO,317768.8
HAL,310646.0
ONGC,302178.3
NESTLEIND,293103.8
ETERNAL,285229.1
BEL,285154.5
SHRIRAMFIN,264095.0
ASIANPAINT,263684.7
POWERGRID,262044.5
DMART,260983.2
COALINDIA,256215.4
LICI,248572.4
TATASTEEL,240741.8
HINDZINC,236765.7
ADANIGREEN,229534.0
HINDALCO,223759.6
DIVISLAB,221653.0
EICHERMOT,216542.7
GRASIM,212157.5
TVSMOTOR,211722.8
INDIGO,206518.6
ADANIENSOL,201567.4
IOC,200874.6
TORNTPHARM,190183.9
SBILIFE,188603.1
WIPRO,184977.1
VAML,182695.0
HYUNDAI,181017.9
JIOFIN,172969.3
PIDILITIND,169462.1
TRENT,166848.4
SOLARINDS,166501.7
TMCV,165795.2
ABB,164737.6
MOTHERSON,162549.6
DLF,160746.7
CHOLAFIN,160375.1
TATACAP,156818.8
CUMMINSIND,152335.3
ICICIAMC,151440.8
VBL,147813.7
BSE,146687.4
TECHM,146165.1
POWERINDIA,144414.5
BHEL,142329.3
SIEMENS,141736.0
IDEA,138895.8
POLYCAB,138584.2
CGPOWER,138415.6
PFC,137944.2
BPCL,137662.7
UNIONBANK,134198.8
LTM,133585.4
BRITANNIA,130502.4
PNB,130502.4
TMPV,128827.5
APOLLOHOSP,127479.5
BANKBARODA,127112.1
BAJAJHLDNG,127052.7
LODHA,124865.9
TATAPOWER,122381.5
BOSCHLTD,121568.2
GROWW,119652.2
ENRIN,118313.9
LLOYDSME,117436.6
CIPLA,117299.1
IRFC,117250.6
SBIFUNDS,116903.7
MUTHOOTFIN,116104.7
CANBK,116031.8
GAIL,116010.7
HDFCLIFE,115655.5
ABCAPITAL,114642.9
JINDALSTEL,113287.1
INDIANB,113104.6
GVT&D,112788.5
GMRAIRPORT,111946.3
ZYDUSLIFE,111830.1
HEROMOTOCO,111601.8
MARICO,110434.1
AMBUJACEM,109394.1
LUPIN,109187.7
HDFCAMC,109143.4
GODREJCP,108613.6
TATACONSUM,108499.7
VEDL,108163.0
UNITDSPR,107928.4
LGEINDIA,107151.0
INDIAMART,106921.7
INDHOTEL,105988.8
MAXHEALTH,105113.5
BHARATFORG,104644.0
JSWENERGY,103712.3
INDUSTOWER,103114.6
OFSS,102392.1
ASHOKLEY,101500.2
MANKIND,100589.3
LENSKART,99150.9
LAURUSLABS,99147.3
SHREECEM,97057.2
DRREDDY,96636.3
RECLTD,96376.0
NYKAA,96040.5
MAZDOCK,96024.6
PAYTM,91617.9
IDBI,90943.8
AUROPHARMA,89989.1
FEDERALBNK,88668.4
MEESHO,87732.2
PERSISTENT,86239.5
DIXON,84849.0
HINDPETRO,83729.8
ICICIGI,81620.2
BHARTIHEXA,81245.0
NAUKRI,80449.0
HAVELLS,80359.3
LTF,79780.2
INDUSINDBK,79448.2
NHPC,78954.0
SRF,78242.3
AUBANK,78025.6
NAM-INDIA,77674.4
WAAREEENER,77579.6
JSWINFRA,77419.0
COFORGE,77068.0
NTPCGREEN,76393.1
SWIGGY,75953.9
NMDC,75433.8
POLICYBZR,74850.8
ICICIPRULI,73705.4
IDFCFIRSTB,73700.4
ATGL,73302.3
BAJAJHFL,72567.6
ASTERDM,72527.5
SAIL,72490.7
OIL,72221.4
UNOMINDA,72182.1
DABUR,72153.7
YESBANK,72097.3
FORTIS,69988.4
NATIONALUM,69975.7
BIOCON,69251.3
PHOENIXLTD,69047.0
PRESTIGE,68615.3
ALKEM,67715.6
TORNTPOWER,66691.6
SUZLON,66177.2
MCX,66138.0
IOB,66011.6
OBEROIRLTY,65684.7
SCHAEFFLER,63920.4
BANKINDIA,63719.1
GICRE,63447.9
SBICARD,63350.8
GLENMARK,62676.8
COROMANDEL,62312.5
BERGEPAINT,62130.5
APARINDS,61593.6
GODREJPROP,61435.0
JSL,61343.1
RADICO,60962.0
MAHABANK,60917.1
LINDEINDIA,60449.5
RBLBANK,60362.8
ABBOTINDIA,59136.8
KALYANKJIL,58814.6
ATHERENERG,57562.0
MRF,57003.1
HDBFS,56811.3
M&MFIN,55359.5
COLPAL,54941.1
FACT,54599.9
TIINDIA,53966.0
APLAPOLLO,53460.3
KEI,53316.4
MOTILALOFS,52988.9
MFSL,52306.9
SUNDARMFIN,52199.0
VMM,51995.8
SONACOMS,50724.9
FLUOROCHEM,50682.6
TATACOMM,49815.2
UPL,48794.0
360ONE,48501.2
BALKRISIND,48487.8
PIRAMALFIN,48288.2
HINDCOPPER,47853.2
RVNL,47747.0
AIIL,47739.2
AEGISLOG,47683.4
WELCORP,47152.9
PREMIERENE,47115.4
MPHASIS,46941.0
ANTHEM,46622.3
BDL,46252.9
THERMAX,45790.6
PAGEIND,45011.5
GLAXO,44833.3
GODREJIND,44461.0
AJANTPHARM,44063.5
SUPREMEIND,43977.9
AIAENG,43350.1
GLAND,43211.4
IPCALAB,43122.1
VOLTAS,43031.6
PIIND,42629.4
JKCEMENT,42377.8
PETRONET,42120.0
POONAWALLA,42098.4
NLCINDIA,42056.7
CPPLUS,41338.4
IRCTC,40756.0
ENDURANCE,40442.0
3MINDIA,40317.7
HUDCO,39413.4
CONCOR,39368.0
NAVINFLUOR,39036.8
PATANJALI,38837.3
ASTRAL,38774.3
NH,38651.9
EXIDEIND,38462.5
HSCL,38013.6
LTTS,37922.7
MEDANTA,37897.4
COCHINSHIP,37757.4
EMCURE,37403.0
UBL,37349.9
KPRMILL,36941.1
PWL,36549.7
GODFRYPHLP,36197.1
DELHIVERY,35407.8
EMBASSY,35064.5
BLUESTARCO,34634.2
STARHEALTH,34604.0
ESCORTS,34437.5
ITCHOTELS,34356.6
MANAPPURAM,34154.3
DALBHARAT,33995.8
TATAINVEST,33924.1
HEXT,33910.5
ANANDRATHI,33874.1
IREDA,33831.6
HONAUT,33779.2
UCOBANK,33217.3
AEGISVOPAK,33106.8
KARURVYSYA,32639.5
KIRLOSENG,32613.8
WOCKPHARMA,32597.6
SCHNEIDER,32338.8
KIMS,32097.1
CUPID,32005.6
CRISIL,31940.3
JUBLFOOD,31897.2
RRKABEL,31590.4
LALPATHLAB,31510.4
HFCL,31456.1
IKS,30984.8
TATATECH,30616.3
NUVAMA,30605.0
NIACL,30283.6
MRPL,29964.2
TVSHLTD,29880.8
SAILIFE,29600.3
ZFCVINDIA,29474.5
PNBHOUSING,29227.8
GRSE,29192.4
CHOLAHLDNG,29124.3
ABSLAMC,28804.9
SHYAMMETL,28656.5
CENTRALBK,28276.6
LICHSGFIN,28166.0
BANDHANBNK,28097.6
CDSL,28016.4
NETWEB,27865.6
APOLLOTYRE,27757.7
SYRMA,27624.3
PGHH,27541.3
GABRIEL,27470.7
ANGELONE,27469.5
PPLPHARMA,27398.7
METROBRAND,27283.8
REDINGTON,27194.0
MSUMI,27169.9
SJVN,27158.8
PTCIL,27124.5
ITI,27113.9
ACMESOLAR,27033.3
CRAFTSMAN,26706.3
ACUTAAS,26413.3
GUJENERGY,26195.4
AMBER,26144.0
KAYNES,26130.1
ACC,26064.9
RUBICON,25995.4
IIFL,25942.7
NBCC,25920.0
NEULANDLAB,25603.3
DATAPATTNS,25595.3
SUMICHEM,25334.1
CREDITACC,24964.9
GILLETTE,24927.7
TIMKEN,24892.9
AWL,24743.0
GODIGIT,24416.0
IRB,24349.2
FORCEMOT,24261.5
KIOCL,23820.8
AFFLE,23573.8
DEEPAKNTR,23446.0
BELRISE,23413.8
TATAELXSI,23361.1
SANSERA,23356.4
GRINDWELL,23347.5
PFOCUS,23271.4
FSL,22943.0
ASAHIINDIA,22921.8
ANANTRAJ,22643.5
PFIZER,22453.0
CEMPRO,22411.4
EMMVEE,22390.4
CGCL,22279.6
KPIL,21910.1
CESC,21885.2
BIRET,21866.5
RAMCOCEM,21789.7
AADHARHFC,21683.2
SUNDRMFAST,21652.7
IGL,21610.4
AETHER,20999.1
URBANCO,20991.1
GESHIP,20743.0
DEEPAKFERT,20566.0
ASTRAZEN,20548.8
CARBORUNIV,20540.9
SAGILITY,20537.0
IFCI,20484.9
EIHOTEL,20468.2
GRANULES,20447.0
HBLENGINE,20405.7
CAMS,20127.0
CUB,20018.9
ATUL,20016.0
HATSUN,19982.7
TRITURBINE,19819.2
CHENNPETRO,19628.0
CAPLIPOINT,19594.3
SHRIPISTON,19561.6
JYOTICNC,19552.7
BAYERCROP,19549.8
SUNTV,19442.2
ERIS,19049.7
BRIGADE,18950.0
TDPOWERSYS,18777.1
KAJARIACER,18635.6
SAMMAANCAP,18554.7
CASTROLIND,18496.6
ELGIEQUIP,18492.1
INDIACEM,18407.9
CHOICEIN,18390.2
OLAELEC,18311.0
CHALET,18257.5
CHAMBLFERT,18153.6
ECLERX,17843.7
JSWCEMENT,17830.0
ONESOURCE,17816.7
BASF,17813.8
TBOTEK,17806.2
TRAVELFOOD,17750.4
GMDCLTD,17747.6
SARDAEN,17608.5
AARTIIND,17548.7
LMW,17490.2
ASTRAMICRO,17466.1
INOXINDIA,17427.5
POLYMED,17337.8
VTL,17310.7
PGEL,17275.8
J&KBANK,17229.1
EMAMILTD,17145.7
CROMPTON,17124.9
CENTURYPLY,17100.7
ABDL,17058.1
PINELABS,17056.3
MINDACORP,17016.6
KANSAINER,17015.1
GRWRHITECH,16998.0
TATACHEM,16970.6
KPITTECH,16959.8
JINDALSAW,16935.2
ARE&M,16899.6
PSB,16887.5
ZYDUSWELL,16875.2
THELEELA,16773.0
DIACABS,16694.4
RATNAMANI,16692.4
MEDPLUS,16586.1
NAVA,16485.4
NATCOPHARM,16434.2
KFINTECH,16398.8
SYNGENE,16379.9
COHANCE,16283.3
BIKAJI,16275.3
ALIVUS,16254.4
RAINBOW,16217.8
FIVESTAR,16194.0
NIVABUPA,16188.2
APLLTD,15982.5
GPIL,15970.9
DCMSHRIRAM,15956.2
USHAMART,15836.4
MAHSCOOTER,15810.3
KIRLOSBROS,15761.9
IGIL,15752.2
ABREL,15736.3
HAPPYFORGE,15711.2
JBMA,15680.8
AGARWALEYE,15656.3
CIEINDIA,15625.9
CLEANMAX,15605.5
THANGAMAYL,15394.9
AZAD,15390.5
FINCABLES,15272.5
PARADEEP,15231.0
WELSPUNLIV,15189.7
AEQUS,15179.5
FINEORG,15160.4
ZENTEC,15061.9
HONASA,15054.2
GALLANTT,15045.1
CONCORDBIO,14960.1
APOLLO,14813.8
CCL,14807.8
DEVYANI,14699.1
JUBLPHARMA,14646.1
AMAGI,14632.1
SHAILY,14609.0
SOBHA,14556.4
VENTIVE,14509.9
LTFOODS,14485.7
VOGL,14484.4
CEATLTD,14475.5
ARVIND,14329.9
VIJAYA,14312.6
VISL,14284.6
PRIVISCL,14250.1
SHADOWFAX,14247.4
CANHLIFE,14178.2
BEML,14147.5
SHILPAMED,14116.1
EIDPARRY,14044.3
SCI,14006.6
INGERRAND,13974.5
VEDPOWER,13848.0
BALRAMCHIN,13837.3
PRUDENT,13811.6
ANURAS,13797.3
KSB,13782.2
VINATIORGA,13773.6
JSWDULUX,13762.7
FRACTAL,13761.5
INOXWIND,13699.7
JSWHL,13681.0
VGUARD,13554.5
UJJIVANSFB,13541.0
TMB,13533.5
CARTRADE,13531.4
SKFINDUS,13491.1
NAZARA,13386.8
BBOX,13384.8
DOMS,13347.8
INDIGRID,13341.6
INDGN,13321.7
LLOYDSENGG,13294.9
SPLPETRO,13275.7
ACE,13239.5
NSLNISP,13120.3
APTUS,13088.2
GRAPHITE,13051.1
BLUESTONE,12973.6
PCBL,12962.6
HEG,12948.8
RKFORGE,12869.4
BLUEDART,12766.8
TRIDENT,12693.1
KEC,12659.1
ENGINERSIN,12646.0
SEDEMAC,12572.7
JPPOWER,12555.5
WABAG,12501.0
ATLANTAELE,12448.8
LLOYDSENT,12432.2
IRCON,12384.7
TI,12382.0
NUVOCO,12361.2
PARKHOSPS,12303.6
E2E,12299.7
SOUTHBANK,12284.5
HOMEFIRST,12269.1
MARKSANS,12264.9
MANYAVAR,12254.6
AVANTIFEED,12228.0
GRAVITA,12072.7
JMFINANCIL,12069.2
UTLSOLAR,11995.3
AVALON,11980.0
JKTYRE,11969.8
METROPOLIS,11960.0
VIYASH,11950.4
TEGA,11874.7
JUBLINGREA,11767.2
TECHNOE,11683.5
UTIAMC,11589.3
RATEGAIN,11583.8
LUMAXTECH,11572.5
ABLBL,11531.8
TITAGARH,11487.0
OLECTRA,11486.4
IEX,11470.2
SIGNATURE,11447.6
PVRINOX,11409.9
ZENSARTECH,11345.6
KTKBANK,11332.2
JAINREC,11130.7
EDELWEISS,11126.5
ASKAUTOLTD,11114.9
AAVAS,11084.0
JWL,11062.5
MGL,11014.7
VARROC,10964.9
RITES,10926.5
GODREJAGRO,10851.0
SUDEEPPHRM,10831.2
CANFINHOME,10782.2
SHREEJISPG,10781.1
PGHL,10730.7
SAREGAMA,10696.9
JLHL,10620.1
IIFLCAPS,10546.0
BBTC,10515.3
SANOFICONR,10497.1
INTELLECT,10440.3
PARAS,10438.5
SANDUMA,10409.9
FIRSTCRY,10399.8
SBFC,10365.1
WEWORK,10362.4
RELAXO,10359.6
AFCONS,10355.0
BLS,10268.7
WHIRLPOOL,10259.0
AKUMS,10237.2
TIMETECHNO,10231.1
FINPIPE,10183.0
VOLTAMP,10167.7
MANORAMA,10149.4
BLUEJET,10139.1
HCG,10092.8
TSFINV,10021.6
RPOWER,9996.2
BLACKBUCK,9952.1
SWANCORP,9736.0
PGIL,9720.8
ELECON,9708.7
MMTC,9567.0
BANCOINDIA,9563.5
THYROCARE,9549.7
PCJEWELLER,9546.3
KIRLPNU,9471.6
WAAREERTL,9457.3
LOTUSDEV,9433.8
ALKYLAMINE,9384.3
TEJASNET,9377.7
PRICOLLTD,9344.7
SONATSOFTW,9341.8
RAILTEL,9294.4
SUVEN,9227.1
BATAINDIA,9187.1
VESUVIUS,9137.3
WESTLIFE,9111.2
ZEEL,9081.7
OMNI,9059.8
CYIENT,9055.9
EUREKAFORB,9032.9
IXIGO,9030.8
BSOFT,9015.0
NCC,9014.0
STAR,8944.4
SGMART,8942.2
PNGJL,8939.8
LEMONTREE,8922.5
JAYNECOIND,8910.9
TARIL,8845.9
RELIGARE,8776.5
GRINFRA,8748.6
GENUSPOWER,8744.7
EQUITASBNK,8727.9
ESABINDIA,8667.0
SUDARSCHEM,8633.4
TTKPRESTIG,8604.9
TIPSMUSIC,8596.7
KRBL,8581.1
SMLMAH,8563.6
EMBDL,8519.5
RHIM,8445.9
SFL,8426.7
ICIL,8318.3
YATHARTH,8270.6
STARCEMENT,8267.5
CLEAN,8247.5
GAEL,8229.9
MAHLIFE,8177.1
RAIN,8162.4
POWERMECH,8135.2
CERA,8129.6
TANLA,8115.5
IMFA,8062.4
AVL,8051.1
SJS,8039.7
BORORENEW,8019.2
INDIASHLTR,7973.1
V2RETAIL,7933.4
WELENT,7921.2
NEWGEN,7856.2
INDIAGLYCO,7844.8
ORKLAINDIA,7822.8
MAHSEAMLES,7806.8
ELANTAS,7803.2
MIDHANI,7796.2
TTML,7790.4
GNFC,7707.0
ETHOSLTD,7669.8
SANOFI,7665.5
KWIL,7643.2
CELLO,7612.8
KIRLFER,7610.3
GMRP&UI,7576.7
DBL,7566.7
GARFIBRES,7562.9
PICCADIL,7532.7
JYOTHYLAB,7497.4
PRECWIRE,7486.0
SKFINDIA,7464.6
KPIGREEN,7452.2
ABFRL,7440.6
SHARDACROP,7424.2
REDTAPE,7420.9
NESCO,7394.1
GPPL,7385.5
SUPRIYA,7352.9
SAFARI,7349.3
DYNAMATECH,7302.8
EPL,7300.2
HMT,7224.6
JSLL,7200.1
SUPRAJIT,7189.6
NEPHROPLUS,7138.7
TCI,7129.9
HNDFDS,7118.9
BAJAJCON,7116.1
JKLAKSHMI,7091.8
SPARC,7085.9
RCF,7045.6
GALAXYSURF,7039.2
KINGFA,6997.3
JKPAPER,6985.3
INOXGREEN,6945.8
POWERICA,6926.8
BIRLACORPN,6897.0
GOKULAGRO,6876.7
MBAPL,6875.6
UNIMECH,6844.8
AJAXENGG,6842.1
ASHAPURMIN,6833.5
AXISCADES,6810.9
CAMPUS,6803.5
SUNFLAG,6763.6
KENNAMET,6722.3
KUSUMGAR,6718.4
TRANSRAILL,6705.4
ACI,6605.0
BALAMINES,6601.1
FDC,6559.6
VIKRAMSOLR,6544.5
SENCO,6540.5
PNCINFRA,6530.2
SAPPHIRE,6516.2
GANESHHOU,6504.2
KOVAI,6485.5
BECTORFOOD,6469.5
MAXESTATES,6466.1
VMART,6422.1
SHAKTIPUMP,6400.7
GSFC,6380.4
GREENLAM,6371.0
DODLA,6316.9
PAISALO,6288.4
CELLECOR,6286.5
AARTIPHARM,6255.5
KMEW,6253.8
RBA,6244.6
IBULLSLTD,6241.1
SKIPPER,6192.8
DCBBANK,6189.7
FIEMIND,6132.7
ISGEC,6130.5
AEROFLEX,6125.6
KSHINTL,6122.7
LATENTVIEW,6104.3
DBREALTY,6096.7
SENORES,6094.3
SIS,6083.7
JSFB,6052.7
ITDC,6049.7
CCAVENUE,6032.6
ARVINDFASN,6013.0
TVSSCS,5978.9
TIIL,5958.9
CEIGALL,5956.1
RPTECH,5949.8
ALOKINDS,5943.4
KALPATARU,5906.9
STYL,5886.5
CORDELIA,5878.1
STYLAMIND,5877.7
PTC,5871.6
PRAJIND,5840.7
GOKEX,5825.6
JUSTDIAL,5808.8
EBGNG,5796.9
HAPPSTMNDS,5776.8
MOIL,5752.5
GULFOILLUB,5751.9
HCC,5741.9
RPEL,5733.8
JAMNAAUTO,5730.6
MAPMYINDIA,5730.2
PRSMJOHNSN,5672.3
MASTEK,5666.9
FEDFINA,5617.3
SETL,5613.7
NIRLON,5600.8
CSBBANK,5578.4
MASFIN,5574.2
AHLUCONT,5549.6
IFBIND,5533.7
KRISHANA,5525.5
NEOGEN,5511.4
ENTERO,5463.0
GOLDIAM,5463.0
CENTUM,5442.5
INNOVACAP,5424.6
LUMAXIND,5419.8
SUBROS,5411.3
SMARTWORKS,5393.2
SAATVIKGL,5372.1
SURYAROSNI,5368.6
CYIENTDLM,5303.1
CRAMC,5286.6
OPTIEMUS,5270.4
IONEXCHANG,5270.0
CARERATING,5225.2
BLISSGVS,5203.3
INDIGOPNTS,5190.0
KISSHT,5185.9
SHARDAMOTR,5174.4
VADILALIND,5147.9
TFCILTD,5128.4
SHILCTECH,5125.7
EMIL,5111.4
BALUFORGE,5092.4
GVPIL,5084.1
PDSL,5072.0
LXCHEM,5033.3
SSWL,5031.7
ORCHPHARMA,5023.0
GUJALKALI,5022.4
YASHO,5010.7
GOODLUCK,4998.1
PURVA,4983.9
ICRA,4967.1
UNIVCABLES,4953.1
DEEDEV,4948.9
THOMASCOOK,4938.8
DATAMATICS,4936.3
BANSALWIRE,4931.5
RUSTOMJEE,4901.8
SWSOLAR,4890.4
GREAVESCOT,4883.4
VRLLOG,4880.7
MPSLTD,4878.3
LGBBROSLTD,4831.4
EPIGRAL,4805.9
PILANIINVS,4803.7
RENUKA,4752.9
RTNPOWER,4704.2
MHRIL,4703.9
QUESS,4697.4
COOLCAPS,4695.2
SOTL,4655.3
AGI,4633.0
HIRECT,4628.9
RESPONIND,4615.5
NORTHARC,4609.2
RAYMONDREL,4609.0
RAYMONDLSL,4588.6
MANINFRA,4580.4
SGFIN,4574.8
NETWORK18,4571.7
KDDL,4556.1
HAWKINCOOK,4529.3
CAPILLARY,4523.9
IOLCP,4496.5
FCL,4495.0
RTNINDIA,4494.8
DHANUKA,4491.7
RPGLIFE,4478.4
SHOPERSTOP,4474.9
CMSINFO,4453.8
SBCL,4449.6
JUNIPER,4447.8
SUNTECK,4441.2
NRBBEARING,4436.1
ELECTCAST,4434.2
SYMPHONY,4427.6
ANUP,4419.3
VIPIND,4400.8
BANARISUG,4387.0
SWARAJENG,4384.8
IDEAFORGE,4373.1
TEXRAIL,4371.8
AVANTEL,4364.8
STYRENIX,4360.9
MIDWESTLTD,4356.3
WAKEFIT,4335.5
PACEDIGITK,4334.7
KERNEX,4283.6
BAJAJHIND,4251.1
MSTCLTD,4237.4
NACLIND,4235.8
MOREPENLAB,4216.5
DEEPINDS,4213.4
RALLIS,4207.5
RAYMOND,4188.7
VAIBHAVGBL,4184.6
WEBELSOLAR,4143.7
REFEX,4130.3
AYE,4120.5
SANGHVIMOV,4105.4
MAHLOG,4102.8
GHCL,4080.9
RAMRAT,4078.0
LASERPOWER,4073.5
AURIONPRO,4066.2
MOSCHIP,4057.0
MARINE,4052.9
BAJAJELEC,4043.9
NOVARTIND,4036.7
ROSSTECH,4028.7
TATVA,4025.3
SANATHAN,4024.0
TARC,4015.4
KIRLOSIND,4002.8
MANINDS,3999.1
KSCL,3988.8
GUFICBIO,3981.2
HEMIPROP,3980.3
EMUDHRA,3976.6
63MOONS,3976.3
VISHNU,3963.5
TRUALT,3957.9
SPECTRUM,3950.8
SANDHAR,3950.5
FOSECOIND,3946.0
EIEL,3944.0
JINDWORLD,3925.2
ELLEN,3925.1
POCL,3909.3
BOSCH-HCIL,3908.7
JTEKTINDIA,3906.3
WSTCSTPAPR,3899.5
ASHIANA,3887.3
VSTTILLERS,3878.9
SHAREINDIA,3874.7
INDOSTAR,3871.8
LUXIND,3870.8
GUJTHEM,3861.6
KSL,3861.5
MUTHOOTMF,3861.3
SAMHI,3857.6
AGIIL,3856.8
SEAMECLTD,3851.9
ORIENTELEC,3837.2
GMMPFAUDLR,3805.6
AARTIDRUGS,3800.9
SINDHUTRAD,3799.3
ROLEXRINGS,3799.1
ZOTA,3796.4
INDOTECH,3772.5
VSTIND,3753.9
PSPPROJECT,3745.2
BHAGCHEM,3744.2
DBCORP,3739.6
KNRCON,3739.3
HARSHA,3730.1
OSWALPUMPS,3719.4
JKIL,3708.4
ADVENZYMES,3663.9
INDIQUBE,3646.4
UNIPARTS,3615.9
GREENPLY,3597.2
SAMBHV,3570.2
HGINFRA,3561.3
PREMEXPLN,3554.3
NFL,3546.9
HEIDELBERG,3530.5
POLYPLEX,3512.2
PITTIENG,3507.0
UNICHEMLAB,3502.0
WHEELS,3492.9
KOLTEPATIL,3481.6
GOPAL,3453.3
UFLEX,3436.9
GRAUWEIL,3427.3
SMSPHARMA,3414.1
FILATEX,3413.5
NIITMTS,3412.3
STEELCAS,3410.4
RELTD,3408.5
ASHOKA,3390.0
INDRAMEDCO,3385.9
DPABHUSHAN,3384.5
CRIZAC,3377.2
VENUSPIPES,3374.7
FUSION,3371.1
KKCL,3367.8
CARYSIL,3363.3
ROUTE,3353.7
MAYURUNIQ,3341.3
APCOTEXIND,3297.3
BUILDPRO,3286.3
DALMIASUG,3269.9
ARSSBL,3253.3
NITINSPIN,3252.6
NPST,3212.1
SHANTIGEAR,3212.0
WONDERLA,3190.5
VSSL,3184.3
RPSGVENT,3177.8
EUROPRATIK,3174.3
HERITGFOOD,3121.7
DREDGECORP,3115.0
STALLION,3110.5
JASH,3109.1
MONARCH,3097.4
INTERARCH,3096.3
RML,3080.4
CHEMPLASTS,3079.0
JTLIND,3071.1
CARRARO,3070.0
TVSSRICHAK,3049.7
BEPL,3046.8
PRINCEPIPE,3037.1
GANECOS,3034.9
RSYSTEMS,3025.7
ELPROINTL,3021.0
SANGAMIND,3020.5
UFBL,3016.9
ANTELOPUS,2997.4
SASKEN,2995.1
POKARNA,2993.4
ADFFOODS,2990.5
BALMLAWRIE,2983.0
GATEWAY,2977.9
UEL,2977.4
DDEVPLSTIK,2959.4
DIVGIITTS,2958.3
HLEGLAS,2947.0
NSIL,2935.3
VIMTALABS,2935.0
DCAL,2923.5
ROSSARI,2907.6
KITEX,2895.7
WINDMACHIN,2894.8
NOCIL,2889.4
ORIENTCEM,2883.8
PARAGMILK,2878.6
BOROLTD,2873.7
TCPLPACK,2873.7
RAMCOIND,2871.4
BBL,2871.0
JUBLCPL,2869.6
SIYSIL,2849.2
EFCIL,2838.6
AUTOAXLES,2827.3
MAITHANALL,2819.6
ZAGGLE,2819.0
HIKAL,2818.9
NAVNETEDUL,2817.4
SUNCLAY,2804.3
VINDHYATEL,2793.8
DIAMONDYD,2780.9
ARVSMART,2779.5
GSPCROP,2755.1
MMFL,2754.7
PANAMAPET,2753.7
IMAGICAA,2750.1
PATELENG,2747.7
JINDALPOLY,2743.0
KIRIINDUS,2731.8
CONFIPET,2729.4
HUBTOWN,2726.6
RAJRATAN,2724.9
RAMKY,2722.9
BLSE,2722.8
MEDIASSIST,2706.8
TALBROAUTO,2705.5
NILKAMAL,2697.0
SPORTKING,2675.7
MUFIN,2664.3
INDNIPPON,2662.5
ORISSAMINE,2647.0
SPAL,2645.1
GKENERGY,2641.5
FMGOETZE,2631.7
FLAIR,2630.1
RANEHOLDIN,2628.5
ADOR,2628.0
EPACKPEB,2616.9
MARATHON,2611.5
KNACK,2610.7
MANGLMCEM,2609.5
XPROINDIA,2609.4
GLOBUSSPR,2609.1
PARKHOTELS,2604.9
ARKADE,2583.5
UTKARSHBNK,2573.2
RHETAN,2573.1
ADVAIT,2566.9
PANACEABIO,2565.5
INA,2560.1
EVEREADY,2553.1
SATIN,2539.7
CAMLINFINE,2531.0
GIPCL,2529.7
SIRCA,2524.1
AJMERA,2520.8
BOMDYEING,2519.9
SUNDROP,2508.7
STOVEKRAFT,2502.9
RISHABH,2499.8
NITCO,2485.3
SOLARA,2483.1
VERANDA,2482.0
FISCHER,2476.0
VEEDOL,2452.2
GREENPANEL,2446.4
REPCOHOME,2414.6
KICL,2410.5
EASEMYTRIP,2407.6
COSMOFIRST,2391.8
TASTYBITE,2384.7
BETA,2375.7
PIXTRANS,2347.1
ORIENTHOT,2345.0
JNKINDIA,2343.3
RAMCOSYS,2337.4
BRIGHOTEL,2331.5
PROTEAN,2323.1
APOLLOPIPE,2321.4
GANDHAR,2319.7
SHK,2309.7
SPANDANA,2309.1
EXICOM,2305.9
PRABHA,2296.6
JISLJALEQS,2292.2
SANSTAR,2291.1
TAJGVK,2286.7
ALEMBICLTD,2280.2
SAIPARENT,2280.1
MOLDTKPAC,2278.0
THEJO,2277.9
NELCO,2270.7
EMSLIMITED,2270.1
LANDMARK,2268.3
SAKSOFT,2265.3
VINCOFE,2263.1
PRAKASH,2261.6
SAGCEM,2259.9
BHARATRAS,2259.1
PENIND,2245.2
SHRINGARMS,2232.2
EPACK,2229.6
VENKEYS,2228.5
HUHTAMAKI,2225.6
GNA,2223.6
TCIEXP,2209.7
LAOPALA,2176.7
ESAFSFB,2169.3
NIBE,2165.9
GEOJITFSL,2163.2
HPL,2157.9
JGCHEM,2148.4
BFUTILITIE,2147.2
HONDAPOWER,2136.8
NGLFINE,2118.0
HINDOILEXP,2115.9
RICOAUTO,2107.9
KPEL,2106.1
PARACABLES,2106.1
INDIANHUME,2100.9
TEAMLEASE,2098.2
ARMANFIN,2096.0
CANTABIL,2085.6
INDOCO,2074.9
BAJEL,2070.5
GMBREW,2065.6
TIL,2064.9
HESTERBIO,2062.9
AEROPLANE,2055.5
MUKANDLTD,2054.3
ALPEXSOLAR,2053.2
SOMANYCERA,2051.9
TIRUMALCHM,2049.6
JAYKAY,2044.3
GOCLCORP,2040.9
MSPL,2034.2
TINNARUBR,2031.8
INDSWFTLAB,2025.4
ASIANENE,2016.5
DCXINDIA,2011.4
GOODYEAR,2002.3
KCP,1996.5
NDRAUTO,1970.7
AWFIS,1968.0
SBC,1966.7
VIDYAWIRES,1966.6
HGS,1962.9
DYCL,1955.1
SAKAR,1955.1
BGRENERGY,1948.4
SERVOTECH,1948.4
ALGOQUANT,1936.2
HATHWAY,1929.4
INSECTICID,1920.5
SCILAL,1917.2
GRMOVER,1913.4
BCG,1907.5
EIHAHOTELS,1897.3
VIKRAN,1879.7
BEWLTD,1874.7
MARSONS,1857.0
PFS,1856.8
SIMPLEXINF,1836.3
HINDWAREAP,1835.3
JAICORPLTD,1831.0
KRSNAA,1821.3
NUCLEUS,1816.1
TBZ,1815.7
CEINSYS,1813.2
CAPACITE,1810.9
BFINVEST,1798.1
JINDRILL,1797.8
ENSER,1785.0
MAHASTEEL,1769.8
WINDLAS,1768.2
INDOTHAI,1756.9
PAUSHAKLTD,1756.9
HITECH,1749.8
TARSONS,1745.4
MTNL,1745.1
SHALBY,1741.1
YATRA,1734.2
STUDDS,1729.6
SURYODAY,1729.1
DELTACORP,1711.9
AURUM,1710.6
ACCELYA,1702.6
KRISHNADEF,1702.6
GOCOLORS,1700.7
MCLOUD,1695.9
IPL,1684.0
INDORAMA,1677.9
INFOBEAN,1676.5
SUMMITSEC,1676.1
BLUSPRING,1673.9
SMCGLOBAL,1671.0
JAYBARMARU,1670.9
GTLINFRA,1665.2
5PAISA,1663.3
JISLDVREQS,1660.7
SPMLINFRA,1654.3
MBEL,1645.3
RACLGEAR,1645.1
GARUDA,1623.6
VOEPL,1622.1
KAPSTON,1621.6
DOLPHIN,1620.0
PNGSREVA,1619.6
WENDT,1610.4
VIDHIING,1605.5
MOBIKWIK,1601.2
DLINKINDIA,1596.7
WEL,1594.2
DSSL,1589.6
KABRAEXTRU,1589.2
WALCHANNAG,1584.8
JAGSNPHARM,1579.8
MOTISONS,1578.9
ASIANTILES,1577.8
OMAXE,1574.7
DIFFNKG,1574.2
ATULAUTO,1569.1
IFGLEXPOR,1559.4
IKIO,1553.2
ASALCBR,1546.4
IZMO,1543.8
DOLLAR,1540.1
NAVKARCORP,1537.1
MACPOWER,1535.5
IGPL,1530.5
SDBL,1525.8
NITTAGELA,1520.1
PNBGILTS,1507.6
ONEPOINT,1501.2
AMRUTANJAN,1493.0
AEROENTER,1488.6
CNL,1485.1
AYMSYNTEX,1478.3
TTKHLTCARE,1477.9
DIGITIDE,1471.9
STEELXIND,1469.4
ARFIN,1466.5
UGROCAP,1463.5
SESHAPAPER,1455.4
IGARASHI,1454.8
ALLTIME,1453.3
SOLARWORLD,1453.2
SHRIRAMPPS,1453.1
RATNAVEER,1451.7
BHARATSE,1450.9
JYOTISTRUC,1446.7
SIGNPOST,1442.6
SULA,1442.0
TEXINFRA,1439.2
CLSEL,1437.1
QUADFUTURE,1431.6
GPTINFRA,1425.9
UDS,1414.4
GALAPREC,1411.4
ASTEC,1401.6
SPIC,1390.7
BHARATWIRE,1389.4
PRECAM,1379.2
IMPAL,1376.8
DCW,1376.0
WAAREEINDO,1368.8
JAGRAN,1368.0
MOL,1357.8
CENTENKA,1356.0
NIITLTD,1349.3
PUNJABCHEM,1349.0
UNIENTER,1348.2
CAPITALSFB,1348.0
SHREEPUSHK,1346.7
FINOPB,1343.3
RGL,1341.9
FAZE3Q,1337.2
PASHUPATI,1335.8
GODAVARIB,1334.7
SUMEETINDS,1329.1
GPTHEALTH,1328.7
KROSS,1322.1
BASILIC,1319.1
GENESYS,1317.4
INDOBORAX,1316.7
SURAKSHA,1314.0
DEN,1311.1
BOROSCI,1309.3
KALAMANDIR,1308.3
ICEMAKE,1302.0
ASIANHOTNR,1289.0
PLATIND,1288.6
RUPA,1286.0
ELECTHERM,1284.9
AGL,1279.6
DHANBANK,1278.4
EXCELINDUS,1274.7
MWL,1272.7
OAL,1265.9
MANAKCOAT,1257.4
RSL,1257.3
EXPLEOSOL,1256.9
SYNCOMF,1253.0
GULPOLY,1250.6
HARIOMPIPE,1248.3
ROTO,1247.0
GYFTR,1241.3
ARIHANT,1238.3
ANDHRAPAP,1232.9
ALLDIGI,1230.3
BHAGYANGR,1230.2
ALLCARGO,1229.7
SEPC,1229.6
AVADHSUGAR,1227.6
EKC,1224.1
LINCOLN,1223.5
BLKASHYAP,1221.2
AWHCL,1217.3
SKMEGGPROD,1216.6
LAXMIDENTL,1207.0
DOLATALGO,1198.6
GGBL,1195.2
ORIENTTECH,1194.2
BUTTERFLY,1193.0
NAHARSPING,1186.4
ANDHRSUGAR,1183.2
APEX,1181.4
GREENPOWER,1175.4
SRM,1171.6
ULTRAMAR,1145.4
GCSL,1136.5
ALICON,1134.3
RIIL,1132.7
BAJAJHCARE,1129.7
MANALIPETC,1129.3
ARIHANTSUP,1125.6
ARROWGREEN,1125.6
CENTRUM,1125.1
IRMENERGY,1122.2
AIMTRON,1113.2
JINDALPHOT,1100.4
BCLIND,1099.2
NELCAST,1098.7
JPOLYINVST,1097.6
VHL,1095.5
AMNPLST,1094.3
GHCLTEXTIL,1092.4
CREST,1087.0
UNITECH,1085.8
DAMCAPITAL,1084.0
GANDHITUBE,1082.9
THEMISMED,1078.0
MADRASFERT,1077.1
AVTNPL,1076.0
ARIS,1075.8
SALZERELEC,1073.0
GRPLTD,1070.6
HITECHGEAR,1068.6
SHREDIGCEM,1068.4
EIMCOELECO,1068.3
BIL,1067.7
TNPL,1062.3
MAMATA,1046.2
HMAAGRO,1046.1
BALAJITELE,1045.9
FAIRCHEMOR,1044.5
MUNJALAU,1044.0
MONTECARLO,1038.6
SALASAR,1034.8
STEL,1031.7
GKSL,1029.4
APS,1026.8
BIRLANU,1026.5
AFSL,1022.5
AMBIKCO,1018.9
YUKEN,1018.0
HIMATSEIDE,1013.7
LGHL,1011.8
JARO,1010.7
HEALTHX,1009.2
MASTERTR,1007.6
WEALTH,998.5
SOLEX,997.9
KECL,997.6
KRISHIVAL,993.7
PRECOT,992.2
PRIMESECU,988.9
SURAJEST,984.6
SUYOG,983.7
GKWLIMITED,982.6
SWELECTES,982.0
WANBURY,974.1
MAFATIND,969.6
EXCELSOFT,966.1
GEMAROMA,964.5
DHAMPURSUG,960.1
UNIECOM,957.2
ZUARI,956.6
UTTAMSUGAR,955.1
TVSELECT,948.2
DENTA,935.7
SGIL,933.1
DVL,924.7
WCIL,924.3
SUPREMEINF,920.3
ESTER,919.9
DHARMAJ,913.4
CONTROLPR,913.3
IRISDOREME,912.8
PDMJEPAPER,908.9
MAXIND,900.3
JITFINFRA,891.5
RITCO,888.6
KOKUYOCMLN,885.5
HEXATRADEX,885.1
MATRIMONY,883.9
STANLEY,881.9
TNPETRO,881.1
SUDARCOLOR,880.3
BORANA,878.0
SCODATUBES,873.4
LIKHITHA,871.6
NDTV,870.7
SALSTEEL,865.6
ADVANCE,862.1
OMINFRAL,860.6
ROHLTD,857.7
ARIHANTCAP,852.2
ORICONENT,848.9
KOTHARIPET,848.1
COMSYN,846.0
KRYSTAL,838.5
SRHHYPOLTD,837.9
MMP,836.6
RADHIKAJWE,830.4
CIFL,830.2
NRAIL,830.1
VLSFINANCE,828.6
FINKURVE,827.6
MVGJL,826.1
ASAL,820.7
SARLAPOLY,813.8
GICHSGFIN,806.9
MODIS,804.5
DECCANCE,800.1
ANUHPHR,794.0
ADVENTHTL,792.7
PROSTARM,786.5
NCLIND,786.4
AGARIND,782.7
INDOFARM,782.0
ZUARIIND,776.4
PVSL,776.0
MEIL,773.8
AHCL,770.2
HARDWYN,768.6
SOUTHWEST,766.3
HMVL,764.9
SAURASHCEM,764.8
MAANALU,763.3
PREMIERPOL,761.9
ELDEHSG,761.7
TRANSPEK,759.3
XCHANGING,759.2
BIRLAMONEY,753.7
KELLTONTEC,753.0
VISAKAIND,751.2
PATELRMART,749.9
SANDESH,749.2
DWARKESH,747.0
BESTAGRO,743.7
BAJAJINDEF,738.8
DBOL,738.6
GLOSTERLTD,738.6
MAGADSUGAR,721.8
PVP,721.6
SHALPAINTS,721.5
BLAL,718.9
STCINDIA,717.4
HERANBA,717.0
CHEVIOT,713.6
DMCC,709.5
CCCL,701.0
KUANTUM,698.5
TVTODAY,695.7
GANESHCP,695.5
MUKKA,689.4
20MICRONS,687.6
EMKAY,687.6
SPECIALITY,685.1
INNOVANA,683.9
INNOVISION,680.6
BIGBLOC,679.0
SNOWMAN,678.4
AQYLON,677.0
SCPL,677.0
ATL,676.5
FABTECH,675.1
GTPL,673.8
NAHARPOLY,673.2
JAYAGROGN,672.6
PYRAMID,672.0
MANBA,671.5
MERCURYEV,670.6
KSOLVES,663.6
HTMEDIA,663.0
ADSL,662.6
VAKRANGEE,658.6
PROZONER,645.7
ABINFRA,637.5
SATIA,633.1
MALLCOM,631.9
NBIFIN,629.8
HINDCOMPOS,627.5
ONWARDTEC,617.5
MINDTECK,612.6
TPLPLASTEH,610.4
ZFSTEERING,609.2
LINC,600.8
KRONOX,600.1
RBZJEWEL,599.0
TREL,591.9
PRIMO,584.8
PANSARI,581.3
SHIVAUM,577.7
CEWATER,575.6
DCI,574.3
OSWALGREEN,565.0
URJA,556.6
OSWALAGRO,552.4
IRIS,549.1
MUNJALSHOW,548.6
GFLLIMITED,547.2
SAYAJIHOTL,546.6
DHUNINV,542.8
REPRO,537.6
TERASOFT,536.7
MUFTI,534.2
MANAKSTEEL,533.1
THEINVEST,531.8
PTL,530.3
GLOBAL,529.4
RUSHIL,522.9
CSM,520.9
ENIL,520.8
3IINFOLTD,520.4
BMWVENTLTD,520.0
KNAGRI,519.8
MANCREDIT,517.5
KANPRPLA,513.0
RKSWAMY,512.3
SHREERAMA,511.8
SUKHJITS,511.4
KHAICHEM,510.9
NAHARINDUS,510.0
KAMATHOTEL,509.3
MAJESAUT,507.3
ELIN,505.8
RAMANEWS,503.4
SCHAND,502.6
SREEL,497.3
PLASTIBLEN,493.8
ORIENTCER,493.3
CSLFINANCE,490.2
SIGMA,487.7
UGARSUGAR,486.9
NILASPACES,483.3
INTLCONV,482.6
MOLDTECH,479.3
GUJAPOLLO,476.1
HLVLTD,476.0
IGCL,474.6
DICIND,472.7
DENORA,469.9
MIRZAINT,467.7
ADVANIHOTR,467.1
TARACHAND,463.3
ORIENTBELL,463.2
BBTCL,459.5
WSI,458.8
AARTISURF,458.4
LIBERTSHOE,457.0
SRGHFL,455.5
ZEEMEDIA,455.5
SILINV,453.9
XTGLOBAL,452.9
KRITINUT,446.7
ARIES,446.2
DAVANGERE,446.2
VINYLINDIA,446.2
BATLIBOI,445.3
THOMASCOTT,443.6
NAHARCAP,443.1
DONEAR,441.9
RAMAPHO,440.5
ABCOTS,438.2
SBGLP,437.7
ACL,437.2
HALEOSLABS,431.6
MONEYBOXX,431.6
MUTHOOTCAP,429.6
NDLVENTURE,428.7
ATALREAL,428.2
SARVESHWAR,421.2
BANSWRAS,419.5
ESSARSHPNG,417.8
RADIANTCMS,416.4
KAYA,415.8
AFIL,413.8
HARRMALAYA,411.8
VRAJ,409.6
TOLINS,409.1
LORDSCHLO,408.7
KOTHARIPRO,407.4
MEDICO,402.7
ORIENTPPR,400.6
SURAJLTD,399.0
S&SPOWER,397.7
EUROBOND,396.9
ALBERTDAVD,395.4
RUBFILA,393.5
FOODSIN,393.0
GOKUL,390.6
MARKOLINES,390.6
SHAH,389.0
MANOMAY,386.4
CPEDU,385.0
SINCLAIR,383.3
HCL-INSYS,381.6
DCMSRIND,380.2
DJML,377.4
MEGASTAR,373.1
MANAKSIA,372.6
BEDMUTHA,371.0
DREAMFOLKS,368.4
UYFINCORP,366.2
TREJHARA,363.7
AEPL,360.0
KCPSUGIND,359.6
RMC,356.9
GOACARBON,351.7
PAKKA,347.2
SAHYADRI,346.8
SHANKARA,346.0
KAVDEFENCE,344.7
NURECA,343.9
NDL,341.6
ASHIMASYN,341.3
SOMATEX,330.0
MEDICAMEQ,329.7
RUCHIRA,329.5
AMBALALSA,328.8
ATLANTAA,328.4
TRACXN,327.4
HILINFRA,326.0
GENUSPAPER,325.3
DYNPRO,325.0
TAKE,324.8
VGL,321.7
IITL,321.5
DEVX,321.2
BELLACASA,321.0
AVONMORE,320.8
HALDER,319.1
COASTCORP,318.6
ELGIRUBCO,313.8
NATHBIOGEN,313.5
APCL,313.0
HPAL,312.6
APOLSINHOT,312.3
CINELINE,310.8
MODIRUBBER,309.4
MAHEPC,300.8
REMSONSIND,300.6
RHL,299.1
NILAINFRA,295.8
SPENCERS,295.6
A2ZINFRA,295.2
RPPINFRA,294.9
VARDMNPOLY,290.8
AARON,282.6
AXITA,280.9
RVHL,280.5
PONNIERODE,277.9
EXXARO,276.1
NDGL,275.7
UFO,269.4
PODDARMENT,264.9
DIAMINESQ,264.2
KMSUGAR,262.9
BPL,261.7
ALPINETEX,259.4
RNBDENIMS,259.3
JAYSREETEA,257.8
UCAL,257.6
SUMIT,256.2
ALMONDZ,255.5
STARTECK,254.1
SAKUMA,254.0
FCSSOFT,253.0
TRF,252.4
IVC,251.2
BIMETAL,247.5
SAHLIBHFI,246.6
AHLEAST,245.7
NIPPOBATRY,245.3
LOTUSEYE,245.0
SURANAT&P,244.5
SRD,244.1
PAVNAIND,243.1
RADIOCITY,242.4
UNITEDTEA,240.4
STARPAPER,236.9
WORTHPERI,236.5
SIKKO,235.0
GLOBECIVIL,234.2
VIKASLIFE,234.1
MANAKALUCO,233.4
GEEKAYWIRE,233.1
AARVI,231.6
PIGL,229.7
SHIVATEX,229.6
BCONCEPTS,229.2
SINTERCOM,228.1
GLOBALVECT,227.6
GENCON,225.0
BALAJEE,224.8
KALYANIFRG,223.6
RVTH,222.2
AERONEU,220.2
PKTEA,219.7
SONAMLTD,218.5
ROSSELLIND,217.4
NITIRAJ,217.0
SSDL,215.3
KOTARISUG,215.1
ALANKIT,214.5
ZODIACLOTH,212.9
GICL,212.7
CCHHL,211.4
SAKHTISUG,210.4
VSTL,210.0
TAINWALCHM,206.5
JMA,204.4
SICAGEN,203.8
TEAMGTY,202.5
QMSMEDI,201.9
SHRADHA,201.5
INTENTECH,199.1
RANASUG,198.3
SPCENET,198.1
SHREYANIND,197.1
VIKASECO,196.3
ASPINWALL,194.7
GILLANDERS,193.7
LANCORHOL,193.4
DRCSYSTEMS,192.2
AIRAN,189.5
MURUDCERA,188.3
CENTEXT,185.0
RUDRA,182.4
RACE,181.6
SIGIND,180.7
SILGO,180.5
SUPREME,178.1
VIRINCHI,177.2
MODTHREAD,176.1
VASWANI,174.1
SUPERHOUSE,173.2
RPPL,173.1
MHLXMIRU,171.4
ARVEE,170.9
UMIYA-MRO,170.7
TRIGYN,168.4
TIPSFILMS,164.4
INDOUS,163.4
TTL,162.0
INDTERRAIN,161.3
SRTL,161.2
ARCHIDPLY,160.9
AMJLAND,160.6
METROGLOBL,160.4
MKPL,158.8
BAIDFIN,156.4
INCREDIBLE,154.4
NATCAPSUQ,154.2
SADBHAV,154.2
KRITIKA,153.9
DEVIT,152.9
LAGNAM,152.7
KAMOPAINTS,151.0
DGCONTENT,150.9
ALPHAGEO,150.3
MCL,150.2
RELIABLE,148.7
HPIL,148.1
BRNL,146.8
LAL,146.0
WIPL,144.3
INDBANK,143.8
KEYFINSERV,143.8
PRAENG,143.4
HECPROJECT,142.8
BALPHARMA,141.7
ALPA,141.6
DTIL,140.3
ISHANCH,139.3
SHAHALLOYS,139.1
RUCHINFRA,139.0
AIROLAM,136.8
SECMARK,135.2
CORALFINAC,134.9
SAMPANN,133.9
BALAXI,133.4
MAGNUM,132.9
MAHAPEXLTD,132.2
INDIANCARD,131.9
SALONA,130.7
ISFT,130.3
BSL,129.9
CROWN,129.5
SURANASOL,129.0
SAMBHAAV,127.7
STEELCITY,127.6
USK,127.1
TEXMOPIPES,125.4
TARMAT,124.5
PRAXIS,123.6
XELPMOC,123.3
AVROIND,122.9
PAR,121.7
GSLSU,121.4
GANGESSECU,120.9
BTML,120.1
LAMBODHARA,120.1
WEIZMANIND,119.5
VISHWARAJ,119.2
HINDCON,117.6
ANIKINDS,117.2
GTL,117.2
AAATECH,117.1
BCPL,116.8
KREBSBIO,116.7
GVPTECH,115.9
LANDSMILL,114.3
SOMICONVEY,114.2
NARMADA,113.9
OBCL,112.8
CUBEXTUB,111.9
SURYALAXMI,111.6
SIL,109.2
LOVABLE,109.0
BEARDSELL,107.0
JETFREIGHT,104.9
ZENITHEXPO,104.8
GROBTEA,104.5
COMPUSOFT,104.0
NORBTEAEXP,103.7
VAISHALI,103.6
RAJSREESUG,102.2
TEMBO,101.9
ARTNIRMAN,101.7
TOTAL,101.5
LOYALTEX,101.1
DIGJAMLMTD,97.3
OSWALSEEDS,96.8
DUCON,96.5
RELCHEMQ,96.2
BAGFILMS,95.9
SMLT,95.9
INVENTURE,95.6
GOYALALUM,93.1
SPLIL,92.8
BVCL,92.7
GLOBE,92.3
RAJMET,91.2
SELMC,91.2
AAKASH,91.1
AMDIND,89.5
PALASHSECU,88.6
MOKSH,88.5
NIBL,88.2
PARASPETRO,87.6
CINEVISTA,85.6
FIBERWEB,85.6
KOHINOOR,85.4
LPDC,85.4
REGENCERAM,84.7
BLBLIMITED,82.8
ZENITHSTL,80.2
GATECH,80.1
HISARMETAL,79.6
ENERGYDEV,79.3
KHAITANLTD,78.0
BANARBEADS,75.4
PIONEEREMB,74.8
ATAM,74.2
CTE,73.0
TOUCHWOOD,73.0
CURAA,71.3
NAGREEKEXP,70.8
PRAKASHSTL,70.5
BONLON,70.1
DIGIDRIVE,68.6
AJOONI,68.2
JHS,67.8
ROML,66.8
CAPTRUST,64.5
RKEC,64.2
ATLASCYCLE,63.3
TFL,63.3
HGM,62.5
DELTAMAGNT,62.0
SECURKLOUD,61.5
SUNDARAM,59.2
MALUPAPER,58.2
AGROPHOS,57.5
ADROITINFO,57.4
LEMERITE,57.0
ANMOL,56.8
ICDSLTD,56.7
BALKRISHNA,56.4
ORCHASP,55.8
TRU,55.2
KSR,54.2
BIOFILCHEM,54.1
SUVIDHAA,53.6
RAJTV,52.7
LCCINFOTEC,51.3
VINNY,49.3
AHLADA,48.6
SHEKHAWATI,48.1
ARCHIES,47.7
JAIPURKURT,47.1
CELEBRITY,46.7
GAYAHWS,46.5
COUNCODOS,46.0
DANGEE,46.0
RKDL,46.0
TPHQ,46.0
AKASH,44.8
KARMAENG,44.8
21STCENMGM,44.7
AKI,43.6
AMBICAAGAR,43.1
SAGARDEEP,43.0
MANGALAM,42.8
LFIC,42.6
HBSL,42.2
BANG,41.0
TNTELE,40.7
MITTAL,40.4
AROGRANITE,40.0
ADL,39.9
ABMINTLLTD,39.7
LASA,38.4
MOHITIND,37.8
ORIENTALTL,37.8
GSS,36.2
NKIND,36.2
ASHOKAMET,35.4
AKSHAR,34.6
DNAMEDIA,32.8
MADHAV,32.0
KEEPLEARN,30.5
KANANIIND,30.1
LEXUS,29.4
NAGREEKCAP,28.8
PNC,28.4
TGBHOTELS,27.9
WILLAMAGOR,27.9
TARAPUR,27.8
INFOMEDIA,27.3
AKG,26.8
TREEHOUSE,26.8
SGL,26.6
KHANDSE,26.5
NEXTMEDIA,26.1
LIBAS,25.7
LAXMICOT,24.3
VCL,22.4
HAVISHA,22.3
MFML,20.3
ACEINTEG,19.7
TECILCHEM,18.7
TVVISION,17.2
RADAAN,16.7
SILLYMONKS,16.7
VIVIDHA,15.8
BOHRAIND,15.7
HEADSUP,15.5
UMESLTD,14.5
RETAIL,14.4
AURUS,13.9
TIJARIA,13.9
NIRAJISPAT,13.0
ARENTERP,12.7
CREATIVEYE,12.3
DCMFINSERV,11.9
ANTGRAPHIC,11.6
SHANTI,7.6
SABEVENTS,7.0
